{"min_found": 2.520199999999996, "recursion": 0, "solution": [[595.0, 0.601], [620.2631578947369, 0.601], [645.5263157894736, 0.601], [670.7894736842105, 0.601], [696.0526315789474, 0.601], [721.3157894736842, 0.601], [746.578947368421, 0.601], [771.8421052631579, 0.601], [797.1052631578948, 0.601], [847.6315789473684, 0.9146], [872.8947368421052, 1.2282], [898.1578947368421, 2.169], [923.421052631579, 1.2282], [948.6842105263158, 0.601], [973.9473684210527, 0.601], [999.2105263157895, 0.601], [1024.4736842105262, 0.601], [1049.7368421052631, 0.601], [1075.0, 0.601]]}