{"ASPEN": {"(2, 2, 2)": {"min_found": 72.64626809305487, "solution": [[0.859905, 12.433], [0.9995, 28.77289]]}, "(3, 2, 3)": {"min_found": 39.81819938686908, "solution": [[0.859905, 12.433], [0.9297025000000001, 12.433], [0.9995, 28.77289]]}, "(2, 3, 2)": {"min_found": 27.887112451341377, "solution": [[0.859905, 12.433], [0.9995, 20.602945]]}, "(3, 3, 2)": {"min_found": 27.887112451341377, "solution": [[0.859905, 12.433], [0.9995, 20.602945]]}, "(3, 3, 3)": {"min_found": 34.780710059780176, "solution": [[0.859905, 12.433], [0.9297025000000001, 12.433], [0.9995, 20.602945]]}, "(7, 7, 3)": {"min_found": 12.750906244779484, "solution": [[0.859905, 12.433], [0.9762341666666667, 17.87963], [0.9995, 26.049574999999997]]}}, "ETHANOL": {"(2, 2, 2)": {"min_found": 2.9189, "solution": [[0.0, 0.0], [1.0, 1.0]]}, "(3, 2, 3)": {"min_found": 3.6952999999999996, "solution": [[0.0, 0.0], [0.5, 1.0], [1.0, 1.0]]}, "(3, 4, 3)": {"min_found": 1.3051666666666666, "solution": [[0.0, 0.3333333333333333], [0.5, 0.6666666666666666], [1.0, 1.0]]}, "(4, 4, 3)": {"min_found": 1.4973166666666669, "solution": [[0.0, 0.3333333333333333], [0.6666666666666666, 0.6666666666666666], [1.0, 1.0]]}, "(4, 4, 4)": {"min_found": 1.0522333333333331, "solution": [[0.0, 0.3333333333333333], [0.3333333333333333, 0.6666666666666666], [0.6666666666666666, 0.6666666666666666], [1.0, 1.0]]}, "(11, 11, 4)": {"min_found": 0.3401857142857145, "solution": [[0.0, 0.1], [0.1, 0.5], [0.8, 0.8], [1.0, 1.0]]}}, "OPTIMISTIC": {"(2, 2, 2)": {"min_found": 35405.0, "solution": [[0.0, 703.0], [86100.0, 703.0]]}, "(3, 2, 3)": {"min_found": 30090.059233449483, "solution": [[0.0, 703.0], [43050.0, 1138.0], [86100.0, 703.0]]}, "(5, 16, 5)": {"min_found": 14499.850174216026, "solution": [[0.0, 703.0], [21525.0, 732.0], [43050.0, 848.0], [64575.0, 877.0], [86100.0, 703.0]]}, "(16, 16, 5)": {"min_found": 9156.253919860628, "solution": [[0.0, 703.0], [22960.0, 732.0], [34440.0, 1138.0], [40180.0, 848.0], [86100.0, 761.0]]}, "(16, 16, 16)": {"min_found": 4613.689895470384, "solution": [[0.0, 732.0], [5740.0, 703.0], [11480.0, 732.0], [17220.0, 732.0], [22960.0, 703.0], [28700.0, 964.0], [34440.0, 1109.0], [40180.0, 877.0], [45920.0, 819.0], [51660.0, 819.0], [57400.0, 848.0], [63140.0, 964.0], [68880.0, 819.0], [74620.0, 790.0], [80360.0, 761.0], [86100.0, 732.0]]}}, "TITANIUM": {"(2, 2, 2)": {"min_found": 9.996000000000002, "solution": [[595.0, 0.601], [1075.0, 0.601]]}, "(3, 2, 3)": {"min_found": 9.996000000000004, "solution": [[595.0, 0.601], [835.0, 0.601], [1075.0, 0.601]]}, "(3, 7, 3)": {"min_found": 8.40711111111111, "solution": [[595.0, 0.601], [835.0, 0.8623333333333334], [1075.0, 0.601]]}, "(7, 7, 3)": {"min_found": 7.733333333333334, "solution": [[595.0, 0.601], [915.0, 0.8623333333333334], [1075.0, 0.601]]}, "(7, 7, 7)": {"min_found": 5.9893333333333345, "solution": [[595.0, 0.601], [675.0, 0.601], [755.0, 0.601], [835.0, 0.8623333333333334], [915.0, 1.385], [995.0, 0.601], [1075.0, 0.601]]}, "(24, 24, 7)": {"min_found": 1.4691928651059087, "solution": [[595.0, 0.601], [866.304347826087, 0.7373478260869565], [887.1739130434783, 2.169], [908.0434782608695, 2.0326521739130436], [928.9130434782609, 1.0100434782608696], [949.7826086956522, 0.601], [1075.0, 0.601]]}}}