{"min_found": 4.596000000000005, "solution": [[595.0, 0.601], [648.3333333333334, 0.601], [701.6666666666666, 0.601], [755.0, 0.7752222222222223], [808.3333333333334, 0.601], [861.6666666666667, 0.9494444444444444], [915.0, 1.6463333333333332], [968.3333333333334, 0.601], [1021.6666666666667, 0.601], [1075.0, 0.601]]}