{"min_found": 2.288923076923075, "recursion": 715591, "solution": [[595.0, 0.601], [853.4615384615385, 0.7216153846153845], [890.3846153846154, 2.0483846153846157], [964.2307692307692, 0.601], [1075.0, 0.601]]}