{"min_found": 72.64626809305487, "solution": [[0.859905, 12.433], [0.9995, 28.77289]]}