{"min_found": 0.11841428571428556, "solution": [[0.0, 0.0], [0.047619047619047616, 0.38095238095238093], [0.23809523809523808, 0.5714285714285714], [0.2857142857142857, 0.5238095238095237], [0.38095238095238093, 0.6190476190476191], [0.5714285714285714, 0.6666666666666666], [0.6190476190476191, 0.7619047619047619], [0.6666666666666666, 0.7142857142857142], [0.7142857142857142, 0.7619047619047619], [0.8571428571428571, 0.8571428571428571], [1.0, 1.0]]}