{"min_found": 5.927733333333334, "solution": [[595.0, 0.601], [787.0, 0.601], [883.0, 1.2282], [979.0, 0.601], [1075.0, 0.601]], "grid": {"x": [595.0, 691.0, 787.0, 883.0, 979.0, 1075.0], "y": [0.601, 0.9146, 1.2282, 1.5417999999999998, 1.8554, 2.169]}}