{"grid":{"x":[595.0,691.0,787.0,883.0,979.0,1075.0]},"min_found":26.79899787902832,"solution":[[595.0,0.6010000109672546],[691.0,0.6010000109672546],[883.0,1.5418000221252441],[979.0,1.5418000221252441],[1075.0,2.1689999103546143]]}