{"min_found":0.28388888888888897,"solution":[[595.0,0.6336666666666666],[605.0,0.6336666666666666],[725.0,0.6663333333333333],[805.0,0.699],[825.0,0.7316666666666667],[835.0,0.7643333333333333],[845.0,0.7969999999999999],[865.0,1.0256666666666667],[875.0,1.3196666666666668],[885.0,1.8750000000000002],[895.0,2.169],[905.0,2.071],[915.0,1.6136666666666668],[925.0,1.2216666666666667],[935.0,0.9276666666666666],[945.0,0.7316666666666667],[955.0,0.6663333333333333],[965.0,0.6336666666666666],[985.0,0.601],[995.0,0.601],[1005.0,0.601],[1015.0,0.601],[1025.0,0.601],[1035.0,0.601],[1075.0,0.601]]}