{"min_found":6.485555555555558,"solution":[[595.0,0.601],[835.0,0.7316666666666667],[875.0,1.1236666666666668],[1075.0,0.601]]}